<application>
  <component name="ProjectJdkTable">
    <jdk version="2">
      <name value="Python 3.7 (deeplab)" />
      <type value="Python SDK" />
      <version value="Python 3.7.9" />
      <homePath value="$USER_HOME$/anaconda3/envs/deeplab/bin/python" />
      <roots>
        <classPath>
          <root type="composite">
            <root url="file://$USER_HOME$/anaconda3/envs/deeplab/lib/python3.7" type="simple" />
            <root url="file://$USER_HOME$/anaconda3/envs/deeplab/lib/python3.7/lib-dynload" type="simple" />
            <root url="file://$USER_HOME$/.local/lib/python3.7/site-packages" type="simple" />
            <root url="file://$USER_HOME$/anaconda3/envs/deeplab/lib/python3.7/site-packages" type="simple" />
            <root url="file://$USER_HOME$/.cache/JetBrains/PyCharm2020.3/python_stubs/697919375" type="simple" />
            <root url="file://$APPLICATION_HOME_DIR$/plugins/python/helpers/python-skeletons" type="simple" />
            <root url="file://$APPLICATION_HOME_DIR$/plugins/python/helpers/typeshed/stdlib/3.7" type="simple" />
            <root url="file://$APPLICATION_HOME_DIR$/plugins/python/helpers/typeshed/stdlib/3" type="simple" />
            <root url="file://$APPLICATION_HOME_DIR$/plugins/python/helpers/typeshed/stdlib/2and3" type="simple" />
            <root url="file://$APPLICATION_HOME_DIR$/plugins/python/helpers/typeshed/third_party/3" type="simple" />
            <root url="file://$APPLICATION_HOME_DIR$/plugins/python/helpers/typeshed/third_party/2and3" type="simple" />
          </root>
        </classPath>
        <sourcePath>
          <root type="composite" />
        </sourcePath>
      </roots>
      <additional ASSOCIATED_PROJECT_PATH="$USER_HOME$/Research/transparent/Isaac_grasp" />
    </jdk>
  </component>
</application>